EpisodeID,EpisodeNumber,Year
1,1,2021
2,2,2022
3,3,2023
4,4,2024
5,5,2025
6,6,2026
7,7,2027
8,8,2028
9,9,2029
10,10,2020
11,11,2021
12,12,2022
13,13,2023
14,14,2024
15,15,2025
16,16,2026
17,17,2027
18,18,2028
19,19,2029
20,20,2020
21,21,2021
22,22,2022
23,23,2023
24,24,2024
25,25,2025
26,26,2026
27,27,2027
28,28,2028
29,29,2029
30,30,2020
31,31,2021
32,32,2022
33,33,2023
34,34,2024
35,35,2025
36,36,2026
37,37,2027
38,38,2028
39,39,2029
40,40,2020
41,41,2021
42,42,2022
43,43,2023
44,44,2024
45,45,2025
46,46,2026
47,47,2027
48,48,2028
49,49,2029
50,50,2020
